{"filename":"/home/atondwal/src/mist/mochi-tests/forSigma.ml","result":"CEGAR_syntax.NoProgress","cycles":12,"total":74.40455900000001,"pre":0.060997,"abst":63.49256,"mc":0.5496130000000123,"refine":9.247004}