{"filename":"/home/atondwal/src/mist/mochi-tests/incrState.ml","result":"Safe","cycles":1,"total":0.090297,"pre":0.008334000000000001,"abst":0.017230999999999996,"mc":0.006326999999999999,"refine":0.0}