{"filename":"/home/atondwal/src/mist/mochi-tests/incr00.ml","result":"CEGAR_syntax.NoProgress","cycles":12,"total":8.627205999999999,"pre":0.004699000000000002,"abst":7.241853,"mc":0.0891919999999992,"refine":0.361463}