{"filename":"/home/atondwal/src/mist/mochi-tests/pointersRefs_noalias.ml","result":"Unknown (because of abstraction options [References])","cycles":1,"total":0.45513200000000004,"pre":0.006570000000000006,"abst":0.06654999999999998,"mc":0.0032240000000000324,"refine":0.15247300000000003}